filename,blur_score
v04_frame_0679.jpg,6.385461154512708
v04_frame_0816.jpg,56.558272948360425
v04_frame_0851.jpg,98.59274378027268
v04_frame_0882.jpg,133.51332019343906
v04_frame_0813.jpg,146.9027297014966
v04_frame_0580.jpg,158.9686193478007
v04_frame_0279.jpg,167.14608072899716
v04_frame_0639.jpg,180.7888216066666
v04_frame_0006.jpg,182.55971979859913
v04_frame_0035.jpg,189.46783252780938
v04_frame_0603.jpg,194.70003773582235
v04_frame_0191.jpg,198.29476666529982
v04_frame_0009.jpg,202.53010198899256
v04_frame_0267.jpg,202.59841459671657
v04_frame_0582.jpg,205.8562031817012
v04_frame_0010.jpg,206.30565618317118
v04_frame_0263.jpg,206.83650270876348
v04_frame_0609.jpg,214.27860741621885
v04_frame_0259.jpg,215.66380522319523
v04_frame_0154.jpg,216.57371033561483
v04_frame_0666.jpg,217.0777093863487
v04_frame_0175.jpg,218.1157067113228
v04_frame_0809.jpg,219.08860744466773
v04_frame_0165.jpg,219.30545418712364
v04_frame_0635.jpg,221.7355417698566
v04_frame_0012.jpg,222.69423062293788
v04_frame_0013.jpg,224.3735397646292
v04_frame_0632.jpg,225.2146252057287
v04_frame_0152.jpg,228.4006454418029
v04_frame_0179.jpg,229.10772059309224
v04_frame_0252.jpg,232.19878355694865
v04_frame_0180.jpg,232.77920138886984
v04_frame_0606.jpg,234.02156989271262
v04_frame_0584.jpg,237.26336552144744
v04_frame_0852.jpg,241.74410456313026
v04_frame_0166.jpg,241.99906889872616
v04_frame_0177.jpg,244.25124781561473
v04_frame_0164.jpg,245.96527570003815
v04_frame_0022.jpg,246.84823890684964
v04_frame_0011.jpg,246.99445740514219
v04_frame_0078.jpg,249.04834093521958
v04_frame_0670.jpg,249.89963410870115
v04_frame_0181.jpg,250.27429044226062
v04_frame_0834.jpg,254.0728937267715
v04_frame_0911.jpg,255.4476095829529
v04_frame_0262.jpg,255.8436035150021
v04_frame_0583.jpg,256.55718621124913
v04_frame_0264.jpg,257.47142130164644
v04_frame_0187.jpg,260.52457898881687
v04_frame_0983.jpg,260.9103920317179
v04_frame_0162.jpg,266.37374565060463
v04_frame_0265.jpg,266.59605193714566
v04_frame_0186.jpg,266.81402311174844
v04_frame_0678.jpg,266.93043096821987
v04_frame_0020.jpg,271.24251838443774
v04_frame_0801.jpg,271.2620106164426
v04_frame_0032.jpg,273.125450935777
v04_frame_0192.jpg,273.62028752672995
v04_frame_0084.jpg,275.2731163892852
v04_frame_0008.jpg,276.4758853333603
v04_frame_0156.jpg,280.12057867732585
v04_frame_0870.jpg,281.106403337601
v04_frame_0662.jpg,281.5022118479399
v04_frame_0159.jpg,283.0142207373677
v04_frame_0669.jpg,283.82966892010614
v04_frame_0587.jpg,285.7130742567263
v04_frame_0270.jpg,286.0318088022574
v04_frame_0261.jpg,286.7619421806759
v04_frame_0835.jpg,286.9286501719108
v04_frame_0218.jpg,287.3164768066219
v04_frame_0817.jpg,287.56588424766323
v04_frame_0634.jpg,287.8669626898011
v04_frame_0390.jpg,288.2120810760875
v04_frame_0789.jpg,288.4048859638533
v04_frame_0602.jpg,288.6320306991577
v04_frame_0080.jpg,290.7556872456822
v04_frame_0158.jpg,291.48022013696624
v04_frame_0193.jpg,292.998400799503
v04_frame_0392.jpg,294.650213253557
v04_frame_0083.jpg,295.199164019733
v04_frame_0260.jpg,295.3962185046996
v04_frame_0284.jpg,296.4179531950587
v04_frame_0173.jpg,296.7832462473928
v04_frame_0640.jpg,297.0159318200748
v04_frame_0610.jpg,297.7057451946578
v04_frame_0190.jpg,300.7673631794822
v04_frame_0160.jpg,302.5529089374673
v04_frame_0145.jpg,304.4792983553839
v04_frame_0024.jpg,304.9866785834407
v04_frame_0153.jpg,305.2391523821607
v04_frame_0105.jpg,305.4220351833014
v04_frame_0951.jpg,305.55309567556395
v04_frame_0539.jpg,305.77427486977285
v04_frame_0033.jpg,305.8959751147692
v04_frame_0641.jpg,306.6128833570586
v04_frame_0161.jpg,307.8369303192034
v04_frame_0956.jpg,308.65480132843646
v04_frame_0612.jpg,310.98105770322894
v04_frame_0151.jpg,311.39797298712085
v04_frame_0176.jpg,311.6232387855801
v04_frame_0157.jpg,313.1259926435104
v04_frame_0183.jpg,313.5933405736807
v04_frame_0359.jpg,313.72828608350284
v04_frame_0884.jpg,313.759173803711
v04_frame_0029.jpg,315.3335872273339
v04_frame_0877.jpg,316.14376393499384
v04_frame_0247.jpg,316.5507866323954
v04_frame_0239.jpg,317.33549866760626
v04_frame_0807.jpg,319.33856064707436
v04_frame_0170.jpg,323.86764841168736
v04_frame_0397.jpg,324.6429263366592
v04_frame_0221.jpg,325.16339293679005
v04_frame_0811.jpg,325.3938828981086
v04_frame_0069.jpg,326.41604845546675
v04_frame_0099.jpg,327.3594669050417
v04_frame_0948.jpg,327.5487044262874
v04_frame_0625.jpg,327.6704554734925
v04_frame_0171.jpg,327.8148173177083
v04_frame_0273.jpg,329.22846229102885
v04_frame_0950.jpg,329.99706953599264
v04_frame_0251.jpg,330.6641080726151
v04_frame_0791.jpg,331.32045323754636
v04_frame_0224.jpg,331.3478580717112
v04_frame_0439.jpg,332.2699549034953
v04_frame_0174.jpg,332.33167398070225
v04_frame_0963.jpg,333.0105790943993
v04_frame_0167.jpg,334.08567212930825
v04_frame_0732.jpg,334.3706278299389
v04_frame_0927.jpg,335.22574612622685
v04_frame_0907.jpg,335.41189983828394
v04_frame_0668.jpg,335.75195042317716
v04_frame_0119.jpg,336.3680249480777
v04_frame_0256.jpg,336.44466579611986
v04_frame_0242.jpg,336.52558360964457
v04_frame_0790.jpg,337.8675784808394
v04_frame_0579.jpg,338.58582109730924
v04_frame_0810.jpg,338.96827478653586
v04_frame_0614.jpg,339.00852571840164
v04_frame_0574.jpg,340.0264420252376
v04_frame_0269.jpg,340.30475802453964
v04_frame_0785.jpg,341.12463806307653
v04_frame_0841.jpg,341.86656234228354
v04_frame_0846.jpg,342.27855040326534
v04_frame_0302.jpg,342.5840199533145
v04_frame_0806.jpg,343.04987822091834
v04_frame_0979.jpg,343.79405468376876
v04_frame_0842.jpg,344.1537400974685
v04_frame_0274.jpg,345.72111089944724
v04_frame_0142.jpg,345.7921439329358
v04_frame_0977.jpg,346.0736533910952
v04_frame_0474.jpg,347.2225331759559
v04_frame_0271.jpg,347.64362438427855
v04_frame_0409.jpg,347.8180338442015
v04_frame_0155.jpg,348.0093022873669
v04_frame_0087.jpg,348.46583980979915
v04_frame_0823.jpg,348.4866881871354
v04_frame_0974.jpg,348.5752224202463
v04_frame_0628.jpg,349.69268522281874
v04_frame_0253.jpg,349.76416001529924
v04_frame_0615.jpg,350.40884668126506
v04_frame_0959.jpg,350.49993370428666
v04_frame_0955.jpg,350.77239361127204
v04_frame_0618.jpg,350.81455893012156
v04_frame_0283.jpg,351.73671026814293
v04_frame_0567.jpg,353.17489254835965
v04_frame_0611.jpg,354.0481486997206
v04_frame_0585.jpg,355.4601155369971
v04_frame_0577.jpg,355.46908961978494
v04_frame_0250.jpg,355.66313874555055
v04_frame_0045.jpg,356.01826773650436
v04_frame_0255.jpg,356.8936892274031
v04_frame_0441.jpg,356.9158874252214
v04_frame_0360.jpg,359.72522954338444
v04_frame_0140.jpg,359.80929017829436
v04_frame_0750.jpg,360.1302335481949
v04_frame_0402.jpg,360.70676106728314
v04_frame_0405.jpg,362.2242147618505
v04_frame_0407.jpg,362.8648182409485
v04_frame_0254.jpg,362.89944184508056
v04_frame_0365.jpg,363.119906489954
v04_frame_0947.jpg,363.3605890493031
v04_frame_0980.jpg,364.8485742096324
v04_frame_0243.jpg,364.9238869898995
v04_frame_0692.jpg,365.4359384960305
v04_frame_0031.jpg,366.89343410302496
v04_frame_0425.jpg,367.069638698983
v04_frame_0168.jpg,368.16393548790177
v04_frame_0093.jpg,368.79259796978505
v04_frame_0320.jpg,370.0785858332209
v04_frame_0189.jpg,370.9754827875196
v04_frame_0832.jpg,372.158084402009
v04_frame_0973.jpg,372.5002156541602
v04_frame_0802.jpg,373.56192151293214
v04_frame_0472.jpg,374.3062121666378
v04_frame_0163.jpg,374.57328978346726
v04_frame_0141.jpg,374.7725191228229
v04_frame_0849.jpg,375.1738492690849
v04_frame_0085.jpg,375.43053289448295
v04_frame_0108.jpg,375.59497206624235
v04_frame_0393.jpg,375.7571750984182
v04_frame_0406.jpg,376.1840353730653
v04_frame_0266.jpg,376.2747412529653
v04_frame_0600.jpg,376.3398166071467
v04_frame_0272.jpg,376.7344997485584
v04_frame_0613.jpg,378.0341863352033
v04_frame_0840.jpg,378.63571938743587
v04_frame_0321.jpg,378.66162917071694
v04_frame_0819.jpg,378.98496084987374
v04_frame_0056.jpg,379.50231496174666
v04_frame_0604.jpg,379.8141199676089
v04_frame_0543.jpg,379.94051311040687
v04_frame_0303.jpg,381.03266925905973
v04_frame_0296.jpg,381.7296022909613
v04_frame_0788.jpg,382.42110738909247
v04_frame_0636.jpg,382.6763606336804
v04_frame_0333.jpg,382.73398728038177
v04_frame_0107.jpg,383.4435089450307
v04_frame_0144.jpg,383.69409446901756
v04_frame_0034.jpg,384.3642252569836
v04_frame_0092.jpg,384.63320665418365
v04_frame_0178.jpg,384.8169855861902
v04_frame_0586.jpg,385.44835832579815
v04_frame_0969.jpg,386.5019422309027
v04_frame_0308.jpg,387.303300632034
v04_frame_0115.jpg,389.66887916659124
v04_frame_0280.jpg,390.05125752710285
v04_frame_0335.jpg,390.84015081357484
v04_frame_0866.jpg,391.7304674960666
v04_frame_0113.jpg,391.98258125964503
v04_frame_0182.jpg,392.4866558032376
v04_frame_0184.jpg,392.53409063343474
v04_frame_0042.jpg,393.7425319980149
v04_frame_0554.jpg,394.06338650087787
v04_frame_0438.jpg,395.6254316255358
v04_frame_0120.jpg,396.7909564015413
v04_frame_0396.jpg,397.6216881145713
v04_frame_0858.jpg,398.357065800415
v04_frame_0850.jpg,398.95690186332297
v04_frame_0109.jpg,399.16139758354365
v04_frame_0395.jpg,399.73635864468685
v04_frame_0961.jpg,400.38261412183857
v04_frame_0401.jpg,400.576236978936
v04_frame_0241.jpg,401.06421747560745
v04_frame_0068.jpg,402.21933262193465
v04_frame_0550.jpg,402.74274413976656
v04_frame_0649.jpg,402.8353157597283
v04_frame_0627.jpg,403.21707507625143
v04_frame_0796.jpg,403.23591176136034
v04_frame_0297.jpg,403.75793988296635
v04_frame_0051.jpg,404.2142498394989
v04_frame_0442.jpg,404.5404435366301
v04_frame_0435.jpg,404.82886000444853
v04_frame_0677.jpg,405.94129528806707
v04_frame_0327.jpg,406.23929955374626
v04_frame_0094.jpg,406.6321476056842
v04_frame_0867.jpg,408.5099385878905
v04_frame_0019.jpg,408.7069747175415
v04_frame_0605.jpg,408.7307645051731
v04_frame_0292.jpg,408.92066831178556
v04_frame_0576.jpg,409.04021696865857
v04_frame_0328.jpg,409.06948132684016
v04_frame_0436.jpg,409.6464022912754
v04_frame_0098.jpg,410.3051341098916
v04_frame_0557.jpg,411.03088437183413
v04_frame_0667.jpg,411.0560015138119
v04_frame_0332.jpg,411.5262044233909
v04_frame_0897.jpg,412.58925563659216
v04_frame_0830.jpg,412.7403439581023
v04_frame_0794.jpg,413.395766037251
v04_frame_0967.jpg,413.4669776477943
v04_frame_0624.jpg,415.04472837128355
v04_frame_0968.jpg,415.33049098781987
v04_frame_0954.jpg,415.62092989998797
v04_frame_0398.jpg,415.6506803382768
v04_frame_0982.jpg,416.46927717024715
v04_frame_0812.jpg,416.6164289860087
v04_frame_0231.jpg,418.08907009265914
v04_frame_0044.jpg,418.73893055645516
v04_frame_0281.jpg,419.846976620069
v04_frame_0147.jpg,419.86738955031035
v04_frame_0981.jpg,419.9589216369335
v04_frame_0686.jpg,420.48384197413003
v04_frame_0334.jpg,420.98190302153705
v04_frame_0978.jpg,421.0045062245264
v04_frame_0588.jpg,421.19582907942663
v04_frame_0847.jpg,421.34673610883175
v04_frame_0101.jpg,421.39426509150655
v04_frame_0309.jpg,421.6427060823747
v04_frame_0972.jpg,421.8712543144886
v04_frame_0248.jpg,422.5019248114269
v04_frame_0104.jpg,422.5644596784793
v04_frame_0415.jpg,422.8838668955061
v04_frame_0637.jpg,423.03804682307754
v04_frame_0608.jpg,424.123662978768
v04_frame_0220.jpg,424.1660589530097
v04_frame_0650.jpg,424.4977687124559
v04_frame_0278.jpg,424.58229534819804
v04_frame_0949.jpg,425.9053841213545
v04_frame_0581.jpg,426.5236722999102
v04_frame_0310.jpg,426.590386691528
v04_frame_0291.jpg,426.81234852187447
v04_frame_0416.jpg,427.0715960914706
v04_frame_0572.jpg,427.33067919010114
v04_frame_0676.jpg,427.84602647416875
v04_frame_0422.jpg,428.01482111181576
v04_frame_0633.jpg,428.07592618200476
v04_frame_0067.jpg,428.88403685539623
v04_frame_0232.jpg,429.53152490516464
v04_frame_0468.jpg,429.56218777712604
v04_frame_0258.jpg,430.05694443019826
v04_frame_0246.jpg,430.3475594539771
v04_frame_0298.jpg,431.61626050226636
v04_frame_0590.jpg,433.43963414789727
v04_frame_0064.jpg,433.43970404108774
v04_frame_0665.jpg,433.6765372455164
v04_frame_0814.jpg,434.1839879730176
v04_frame_0843.jpg,434.2019617092511
v04_frame_0617.jpg,434.74794327545027
v04_frame_0953.jpg,435.4556594971444
v04_frame_0116.jpg,436.2859388405116
v04_frame_0939.jpg,437.7226718930089
v04_frame_0102.jpg,438.8473570611728
v04_frame_0620.jpg,438.9387921693296
v04_frame_0475.jpg,441.32869475864385
v04_frame_0800.jpg,443.1525172508663
v04_frame_0148.jpg,443.2630685128626
v04_frame_0208.jpg,444.1061168522009
v04_frame_0086.jpg,446.12341075891464
v04_frame_0023.jpg,446.14194769786184
v04_frame_0976.jpg,446.70159717791034
v04_frame_0257.jpg,446.88794596805815
v04_frame_0451.jpg,447.2340266912661
v04_frame_0555.jpg,448.50320092837046
v04_frame_0440.jpg,448.79445285146744
v04_frame_0394.jpg,448.9737489004241
v04_frame_0944.jpg,449.1810787997351
v04_frame_0836.jpg,449.36938105783355
v04_frame_0594.jpg,450.3307025016678
v04_frame_0787.jpg,450.46194156165876
v04_frame_0336.jpg,450.8704188162908
v04_frame_0230.jpg,451.7065637948766
v04_frame_0111.jpg,452.253132548391
v04_frame_0088.jpg,452.49926367157354
v04_frame_0277.jpg,452.8315550145983
v04_frame_0753.jpg,452.9165147550606
v04_frame_0848.jpg,453.52870872574795
v04_frame_0888.jpg,454.1713700089056
v04_frame_0287.jpg,454.4776625345444
v04_frame_0095.jpg,454.816981060221
v04_frame_0347.jpg,455.2316436754757
v04_frame_0690.jpg,455.6428228220574
v04_frame_0674.jpg,456.60680866570976
v04_frame_0282.jpg,457.2661523376465
v04_frame_0538.jpg,457.392715752485
v04_frame_0233.jpg,458.22853837288636
v04_frame_0593.jpg,459.1143085293136
v04_frame_0354.jpg,459.7882391068247
v04_frame_0238.jpg,460.5723655760011
v04_frame_0797.jpg,460.62130456625863
v04_frame_0419.jpg,461.2706808759857
v04_frame_0912.jpg,461.92300396878136
v04_frame_0300.jpg,462.05251697589244
v04_frame_0337.jpg,462.41863232647455
v04_frame_0275.jpg,462.5343248984255
v04_frame_0821.jpg,462.6959895720261
v04_frame_0595.jpg,463.4018652208955
v04_frame_0541.jpg,463.75607950233064
v04_frame_0464.jpg,463.79914811874215
v04_frame_0672.jpg,464.97042039376595
v04_frame_0878.jpg,466.0345274958185
v04_frame_0463.jpg,467.5103070631133
v04_frame_0966.jpg,469.2052265048449
v04_frame_0940.jpg,469.2588280259826
v04_frame_0530.jpg,469.5727267012938
v04_frame_0443.jpg,470.4713056434864
v04_frame_0131.jpg,471.59216091372167
v04_frame_0362.jpg,471.9592599136868
v04_frame_0286.jpg,472.17973035515223
v04_frame_0921.jpg,472.1945403551162
v04_frame_0702.jpg,473.4565438701192
v04_frame_0172.jpg,474.20174490389263
v04_frame_0799.jpg,474.26144960940184
v04_frame_0792.jpg,474.40676402621335
v04_frame_0338.jpg,474.8353622765013
v04_frame_0036.jpg,475.1991621024978
v04_frame_0908.jpg,475.55438558168277
v04_frame_0126.jpg,476.3577792711316
v04_frame_0307.jpg,476.60943247816175
v04_frame_0648.jpg,476.9397547556135
v04_frame_0097.jpg,477.49304128476246
v04_frame_0566.jpg,478.11929559664804
v04_frame_0886.jpg,478.3103938360848
v04_frame_0329.jpg,478.68755929225284
v04_frame_0643.jpg,478.97269679540943
v04_frame_0820.jpg,479.1583940443062
v04_frame_0410.jpg,479.3506412564489
v04_frame_0249.jpg,480.5777029527263
v04_frame_0553.jpg,480.95285803476975
v04_frame_0118.jpg,481.008169270691
v04_frame_0137.jpg,481.1138189213117
v04_frame_0330.jpg,481.29735568378464
v04_frame_0305.jpg,481.7400276577373
v04_frame_0417.jpg,482.0304166529337
v04_frame_0548.jpg,482.3981184861501
v04_frame_0755.jpg,482.96412046822326
v04_frame_0675.jpg,483.5292913386862
v04_frame_0975.jpg,483.6763972370995
v04_frame_0424.jpg,483.77004604932864
v04_frame_0630.jpg,483.7760355715331
v04_frame_0089.jpg,483.9000000947741
v04_frame_0786.jpg,485.51856091223704
v04_frame_0697.jpg,485.6937454018486
v04_frame_0339.jpg,486.0276936355861
v04_frame_0007.jpg,486.0403349885717
v04_frame_0448.jpg,487.44416012908084
v04_frame_0551.jpg,487.99944521237484
v04_frame_0922.jpg,488.38250291909014
v04_frame_0340.jpg,488.51177514987086
v04_frame_0599.jpg,488.6834655004417
v04_frame_0549.jpg,489.0450053592152
v04_frame_0030.jpg,489.17047308197033
v04_frame_0923.jpg,489.7595251641439
v04_frame_0306.jpg,490.0230788600168
v04_frame_0746.jpg,491.2522162503828
v04_frame_0348.jpg,491.37669699961344
v04_frame_0418.jpg,492.306063849102
v04_frame_0112.jpg,492.3864928276156
v04_frame_0059.jpg,492.7066486457246
v04_frame_0957.jpg,492.8357578615493
v04_frame_0880.jpg,493.25628844960397
v04_frame_0862.jpg,494.62994001614476
v04_frame_0771.jpg,494.83873589323906
v04_frame_0638.jpg,495.84976188904443
v04_frame_0663.jpg,495.9618185712603
v04_frame_0735.jpg,496.1122921909178
v04_frame_0437.jpg,496.6779328258834
v04_frame_0861.jpg,496.7249121093458
v04_frame_0444.jpg,497.10654368417516
v04_frame_0795.jpg,498.3204534596467
v04_frame_0935.jpg,498.67081162945317
v04_frame_0971.jpg,498.8599104626679
v04_frame_0805.jpg,498.9490450879507
v04_frame_0887.jpg,499.8561664465905
v04_frame_0619.jpg,500.6523905422588
v04_frame_0423.jpg,500.85100257696456
v04_frame_0039.jpg,500.89402967664927
v04_frame_0225.jpg,501.7138921710543
v04_frame_0623.jpg,502.06600529988606
v04_frame_0863.jpg,502.83765375658186
v04_frame_0671.jpg,504.4081757097771
v04_frame_0361.jpg,504.9480001684954
v04_frame_0061.jpg,505.9383853808639
v04_frame_0237.jpg,506.5195690790519
v04_frame_0522.jpg,507.62817053874335
v04_frame_0357.jpg,508.0083701900481
v04_frame_0914.jpg,509.032643596083
v04_frame_0236.jpg,509.6636352110392
v04_frame_0656.jpg,509.7185186299913
v04_frame_0824.jpg,509.9965342881897
v04_frame_0304.jpg,510.2469975584229
v04_frame_0899.jpg,510.43357582257624
v04_frame_0290.jpg,511.2814560222437
v04_frame_0926.jpg,512.2695214842327
v04_frame_0473.jpg,513.6556879226957
v04_frame_0596.jpg,515.1687114373843
v04_frame_0312.jpg,515.9105088411013
v04_frame_0203.jpg,517.078187794702
v04_frame_0883.jpg,518.2414593227704
v04_frame_0578.jpg,518.4853222199321
v04_frame_0452.jpg,518.4971519639004
v04_frame_0808.jpg,518.9576794015344
v04_frame_0293.jpg,519.8054134301033
v04_frame_0207.jpg,519.9177125590006
v04_frame_0114.jpg,520.1591726303102
v04_frame_0311.jpg,521.4712990863893
v04_frame_0123.jpg,521.7804359096951
v04_frame_0226.jpg,522.3719912082252
v04_frame_0386.jpg,522.3900047407315
v04_frame_0515.jpg,523.4680747280547
v04_frame_0121.jpg,523.7923408571304
v04_frame_0128.jpg,524.120128695254
v04_frame_0356.jpg,525.0188893973458
v04_frame_0150.jpg,526.3217849858022
v04_frame_0616.jpg,526.7300771617172
v04_frame_0784.jpg,527.0654405345024
v04_frame_0276.jpg,527.674466947763
v04_frame_0421.jpg,527.7641762649525
v04_frame_0427.jpg,527.8214320678524
v04_frame_0682.jpg,529.6837335789043
v04_frame_0508.jpg,529.7942502146294
v04_frame_0426.jpg,530.0186659985285
v04_frame_0065.jpg,530.4204841847312
v04_frame_0146.jpg,530.8297798217671
v04_frame_0845.jpg,531.0909135944462
v04_frame_0891.jpg,531.1195615128836
v04_frame_0234.jpg,531.2482703728147
v04_frame_0358.jpg,531.9858805974327
v04_frame_0844.jpg,532.1113878613883
v04_frame_0349.jpg,532.2935459413694
v04_frame_0879.jpg,532.3378394039471
v04_frame_0143.jpg,532.9806046249906
v04_frame_0268.jpg,533.0970821254294
v04_frame_0881.jpg,533.1356292453156
v04_frame_0552.jpg,533.2948142213422
v04_frame_0355.jpg,533.467950735887
v04_frame_0428.jpg,533.7586020533764
v04_frame_0130.jpg,533.9768322739766
v04_frame_0363.jpg,534.6248841236064
v04_frame_0353.jpg,534.6479125788078
v04_frame_0932.jpg,535.2934486227142
v04_frame_0245.jpg,535.3875391661456
v04_frame_0399.jpg,536.1477797779036
v04_frame_0341.jpg,538.6379979934585
v04_frame_0222.jpg,539.4017347468047
v04_frame_0344.jpg,539.4040634836725
v04_frame_0664.jpg,539.9846318958129
v04_frame_0509.jpg,540.0721791560691
v04_frame_0122.jpg,540.2032145631001
v04_frame_0223.jpg,540.8349639860069
v04_frame_0431.jpg,542.3122317335044
v04_frame_0082.jpg,542.6661075931079
v04_frame_0938.jpg,542.8088508702866
v04_frame_0127.jpg,543.2370704914609
v04_frame_0906.jpg,543.3523177852755
v04_frame_0860.jpg,543.9914419477664
v04_frame_0719.jpg,544.133192637121
v04_frame_0865.jpg,545.5435327823592
v04_frame_0469.jpg,545.6120699326506
v04_frame_0400.jpg,546.6340602908618
v04_frame_0352.jpg,546.6638461314966
v04_frame_0408.jpg,547.8118650204118
v04_frame_0185.jpg,547.8615519977137
v04_frame_0014.jpg,549.4500046356097
v04_frame_0556.jpg,550.6575779292623
v04_frame_0301.jpg,551.031142464248
v04_frame_0288.jpg,551.1047043482462
v04_frame_0514.jpg,551.9493641355724
v04_frame_0057.jpg,552.0661905415747
v04_frame_0317.jpg,553.3748620306121
v04_frame_0838.jpg,553.5757626928529
v04_frame_0449.jpg,553.6377467300225
v04_frame_0815.jpg,554.0441084093625
v04_frame_0346.jpg,554.4583430811457
v04_frame_0430.jpg,554.4954843584592
v04_frame_0289.jpg,554.5322384912831
v04_frame_0244.jpg,555.6639189042406
v04_frame_0125.jpg,557.7144283866588
v04_frame_0285.jpg,557.7219274032486
v04_frame_0132.jpg,558.1334278642819
v04_frame_0531.jpg,558.791109447478
v04_frame_0793.jpg,558.8120425672632
v04_frame_0100.jpg,559.2322391427488
v04_frame_0730.jpg,559.2688997418428
v04_frame_0420.jpg,560.6643272501439
v04_frame_0096.jpg,562.0999416473768
v04_frame_0322.jpg,562.5472579809955
v04_frame_0476.jpg,563.0985800739383
v04_frame_0691.jpg,563.1437147041556
v04_frame_0519.jpg,563.478206499566
v04_frame_0047.jpg,564.061472438896
v04_frame_0124.jpg,564.8554084261848
v04_frame_0803.jpg,565.1612423849211
v04_frame_0781.jpg,565.9389054768693
v04_frame_0450.jpg,566.3203344304404
v04_frame_0240.jpg,566.4134324779924
v04_frame_0798.jpg,566.8228982049152
v04_frame_0391.jpg,567.1438591459191
v04_frame_0477.jpg,567.5442731412147
v04_frame_0731.jpg,567.832555196775
v04_frame_0205.jpg,568.3053930324967
v04_frame_0718.jpg,568.3644068587961
v04_frame_0544.jpg,568.4416373696962
v04_frame_0090.jpg,568.8420513848187
v04_frame_0744.jpg,569.087256512789
v04_frame_0601.jpg,569.4828327161423
v04_frame_0504.jpg,570.0918488971284
v04_frame_0642.jpg,571.5216590687961
v04_frame_0524.jpg,571.7303481678856
v04_frame_0827.jpg,572.2082170891363
v04_frame_0521.jpg,572.8117031791782
v04_frame_0532.jpg,572.986831084328
v04_frame_0984.jpg,573.3335012873146
v04_frame_0941.jpg,575.2056613220213
v04_frame_0445.jpg,576.1317207641414
v04_frame_0701.jpg,576.2899598515726
v04_frame_0928.jpg,576.7805004831524
v04_frame_0342.jpg,576.8522914589779
v04_frame_0868.jpg,577.7255298307336
v04_frame_0486.jpg,579.3694921865768
v04_frame_0138.jpg,579.6867823609141
v04_frame_0890.jpg,580.6821725374278
v04_frame_0822.jpg,580.8248937555938
v04_frame_0316.jpg,581.2003764822111
v04_frame_0505.jpg,581.3832016587422
v04_frame_0598.jpg,581.5222110127768
v04_frame_0740.jpg,582.1259524630324
v04_frame_0900.jpg,582.6419267746913
v04_frame_0915.jpg,583.0745218121519
v04_frame_0534.jpg,586.2286544887918
v04_frame_0533.jpg,586.4681032882081
v04_frame_0651.jpg,587.5823598954837
v04_frame_0901.jpg,587.7959129640074
v04_frame_0661.jpg,587.8288891079322
v04_frame_0200.jpg,589.2686533626875
v04_frame_0018.jpg,590.5900025073288
v04_frame_0370.jpg,590.7624810365982
v04_frame_0331.jpg,592.3416613381835
v04_frame_0467.jpg,593.9445659721468
v04_frame_0219.jpg,596.2930895338541
v04_frame_0952.jpg,597.536683108378
v04_frame_0892.jpg,598.2484461511633
v04_frame_0513.jpg,598.9360968883838
v04_frame_0542.jpg,599.4579481301189
v04_frame_0736.jpg,600.0884937354142
v04_frame_0106.jpg,601.0163424146867
v04_frame_0970.jpg,601.1498705321407
v04_frame_0936.jpg,601.8671591507227
v04_frame_0854.jpg,602.5186501660755
v04_frame_0909.jpg,602.6592338919751
v04_frame_0540.jpg,602.7231282537658
v04_frame_0483.jpg,603.1126854451311
v04_frame_0079.jpg,603.156022756275
v04_frame_0512.jpg,603.2923397094539
v04_frame_0149.jpg,603.7185297081795
v04_frame_0081.jpg,604.8175500961304
v04_frame_0385.jpg,605.3884526138118
v04_frame_0644.jpg,605.963958581702
v04_frame_0547.jpg,605.9702452188939
v04_frame_0764.jpg,606.4951891579227
v04_frame_0485.jpg,606.75249429081
v04_frame_0060.jpg,609.330763899622
v04_frame_0930.jpg,610.8718632415478
v04_frame_0456.jpg,613.5608430896324
v04_frame_0429.jpg,613.9827132121886
v04_frame_0299.jpg,615.217859972578
v04_frame_0169.jpg,615.5460751154392
v04_frame_0629.jpg,617.0174095739566
v04_frame_0804.jpg,617.2741514756758
v04_frame_0372.jpg,618.4846170984799
v04_frame_0510.jpg,619.7399317753357
v04_frame_0055.jpg,621.0016404855942
v04_frame_0139.jpg,622.3554271188194
v04_frame_0201.jpg,623.4739926707889
v04_frame_0206.jpg,624.1885706047905
v04_frame_0872.jpg,624.7297328592517
v04_frame_0758.jpg,624.7604997197736
v04_frame_0698.jpg,625.2579309149424
v04_frame_0742.jpg,626.6468206475105
v04_frame_0864.jpg,626.8546526495617
v04_frame_0062.jpg,629.5122873814607
v04_frame_0856.jpg,632.1089636358462
v04_frame_0913.jpg,634.2395366706744
v04_frame_0597.jpg,634.8328951072397
v04_frame_0776.jpg,635.5835847531062
v04_frame_0117.jpg,635.7816088510574
v04_frame_0461.jpg,636.7232712297971
v04_frame_0898.jpg,637.5319020155164
v04_frame_0066.jpg,639.0483804940012
v04_frame_0388.jpg,641.1643683878156
v04_frame_0733.jpg,641.7298144290486
v04_frame_0826.jpg,645.6694732016939
v04_frame_0465.jpg,645.9188029897997
v04_frame_0434.jpg,646.0407519531238
v04_frame_0621.jpg,646.2919312710234
v04_frame_0453.jpg,646.5397728285038
v04_frame_0294.jpg,646.5877350060252
v04_frame_0589.jpg,647.3078830430347
v04_frame_0739.jpg,647.3886107945573
v04_frame_0103.jpg,648.0502900733476
v04_frame_0537.jpg,649.9237979050201
v04_frame_0478.jpg,651.4051280065278
v04_frame_0343.jpg,652.0321384900305
v04_frame_0828.jpg,652.2239842878932
v04_frame_0660.jpg,655.8926995537605
v04_frame_0703.jpg,658.9108078497887
v04_frame_0920.jpg,659.5083644242982
v04_frame_0761.jpg,660.0463803872941
v04_frame_0575.jpg,660.9036819717394
v04_frame_0063.jpg,660.9128473796655
v04_frame_0345.jpg,662.1541774673979
v04_frame_0769.jpg,662.1974674477993
v04_frame_0433.jpg,662.809287106774
v04_frame_0741.jpg,663.0515212670598
v04_frame_0235.jpg,666.6735617364943
v04_frame_0432.jpg,666.8524749698588
v04_frame_0839.jpg,667.5769949435011
v04_frame_0070.jpg,667.7009424506103
v04_frame_0364.jpg,667.9951506002907
v04_frame_0571.jpg,668.1643784285179
v04_frame_0489.jpg,669.6401809878868
v04_frame_0607.jpg,671.4676247829278
v04_frame_0700.jpg,674.0186803595651
v04_frame_0833.jpg,674.2960162967809
v04_frame_0527.jpg,676.5746625089745
v04_frame_0323.jpg,676.7802398003472
v04_frame_0446.jpg,678.246628205475
v04_frame_0295.jpg,679.9726772114966
v04_frame_0855.jpg,681.0457901777062
v04_frame_0728.jpg,681.2598904615614
v04_frame_0523.jpg,681.5349993447719
v04_frame_0460.jpg,682.5969920416187
v04_frame_0367.jpg,684.2393704954362
v04_frame_0658.jpg,685.4992164952971
v04_frame_0729.jpg,686.1908598030833
v04_frame_0756.jpg,687.2203179252521
v04_frame_0536.jpg,687.5951399708957
v04_frame_0326.jpg,687.7517131451456
v04_frame_0774.jpg,688.018052918116
v04_frame_0925.jpg,688.7751714123195
v04_frame_0526.jpg,689.0887272125515
v04_frame_0204.jpg,689.2710285104241
v04_frame_0546.jpg,690.9616762634279
v04_frame_0737.jpg,691.364118401379
v04_frame_0626.jpg,692.3237424899899
v04_frame_0727.jpg,692.3763523792579
v04_frame_0770.jpg,692.5446934997137
v04_frame_0759.jpg,693.2730533741092
v04_frame_0091.jpg,696.4847651247327
v04_frame_0387.jpg,696.4977233470588
v04_frame_0371.jpg,696.7062513171431
v04_frame_0763.jpg,696.9283613354673
v04_frame_0723.jpg,698.1269400791581
v04_frame_0654.jpg,700.5394889318668
v04_frame_0647.jpg,701.7691437002098
v04_frame_0704.jpg,702.3160108603472
v04_frame_0646.jpg,702.9213270109094
v04_frame_0570.jpg,704.9658342577507
v04_frame_0937.jpg,705.3805006468547
v04_frame_0749.jpg,706.016440323205
v04_frame_0743.jpg,706.979609687286
v04_frame_0350.jpg,707.3172632971446
v04_frame_0133.jpg,708.0665113966091
v04_frame_0659.jpg,708.7016252947024
v04_frame_0404.jpg,710.4608691011956
v04_frame_0725.jpg,710.5662901789868
v04_frame_0528.jpg,711.019368421767
v04_frame_0487.jpg,711.268522638274
v04_frame_0717.jpg,711.708824383007
v04_frame_0479.jpg,713.1955220038789
v04_frame_0535.jpg,713.6905146935061
v04_frame_0212.jpg,714.2507056839544
v04_frame_0693.jpg,715.1097981180073
v04_frame_0052.jpg,715.9323413350422
v04_frame_0699.jpg,716.8042746032716
v04_frame_0136.jpg,719.5413943818835
v04_frame_0762.jpg,719.9169574652777
v04_frame_0525.jpg,721.7606371900764
v04_frame_0384.jpg,724.3140277228463
v04_frame_0511.jpg,725.6952657813448
v04_frame_0779.jpg,728.9679123257113
v04_frame_0681.jpg,729.757935112818
v04_frame_0199.jpg,729.89550367635
v04_frame_0748.jpg,730.0823133459204
v04_frame_0917.jpg,730.7206499429914
v04_frame_0752.jpg,731.4992098976376
v04_frame_0351.jpg,732.3095105446412
v04_frame_0722.jpg,733.4193944831836
v04_frame_0631.jpg,734.002883512666
v04_frame_0506.jpg,735.04217770753
v04_frame_0110.jpg,735.1728378521767
v04_frame_0403.jpg,735.2476706181092
v04_frame_0202.jpg,735.6907854727095
v04_frame_0003.jpg,737.152591222776
v04_frame_0455.jpg,738.2586667035313
v04_frame_0520.jpg,738.733378807233
v04_frame_0488.jpg,738.9128448384176
v04_frame_0829.jpg,738.9774897774014
v04_frame_0871.jpg,741.4614752874678
v04_frame_0929.jpg,743.9818225287493
v04_frame_0213.jpg,745.8885913594456
v04_frame_0313.jpg,746.8159959201389
v04_frame_0783.jpg,749.2618533233344
v04_frame_0859.jpg,749.5333136511863
v04_frame_0500.jpg,749.8241292170018
v04_frame_0209.jpg,749.9562289148956
v04_frame_0655.jpg,750.9884946528493
v04_frame_0773.jpg,752.4934858260814
v04_frame_0457.jpg,753.2715344190703
v04_frame_0622.jpg,755.7334383326767
v04_frame_0129.jpg,757.1007589925118
v04_frame_0766.jpg,757.1521954780818
v04_frame_0765.jpg,757.3776027454794
v04_frame_0831.jpg,758.6682408857453
v04_frame_0687.jpg,760.4284973288454
v04_frame_0876.jpg,768.4632594369207
v04_frame_0315.jpg,769.9133750463365
v04_frame_0778.jpg,771.0242879965273
v04_frame_0516.jpg,771.3387945217451
v04_frame_0946.jpg,771.4337520724823
v04_frame_0050.jpg,772.9690928802445
v04_frame_0217.jpg,774.1757816330899
v04_frame_0688.jpg,774.6862785489951
v04_frame_0318.jpg,776.5304604975278
v04_frame_0916.jpg,777.3356753887589
v04_frame_0716.jpg,785.746096908003
v04_frame_0734.jpg,787.3649023169575
v04_frame_0462.jpg,789.6521567355954
v04_frame_0754.jpg,790.3882239187682
v04_frame_0454.jpg,793.421393176566
v04_frame_0772.jpg,799.1986761508092
v04_frame_0412.jpg,799.4775599349863
v04_frame_0689.jpg,800.8582023450109
v04_frame_0414.jpg,801.2764787268635
v04_frame_0683.jpg,803.0450517936805
v04_frame_0188.jpg,805.334826695755
v04_frame_0837.jpg,808.0086377203094
v04_frame_0745.jpg,810.1123750514452
v04_frame_0368.jpg,810.8443765597873
v04_frame_0673.jpg,810.8652017370855
v04_frame_0645.jpg,814.3492718689237
v04_frame_0960.jpg,814.4240085724147
v04_frame_0529.jpg,815.0844346694936
v04_frame_0757.jpg,816.4164419222182
v04_frame_0918.jpg,816.6685179938374
v04_frame_0775.jpg,818.7967488224724
v04_frame_0135.jpg,819.4933111029718
v04_frame_0411.jpg,819.8159206807454
v04_frame_0933.jpg,820.0945650933162
v04_frame_0490.jpg,825.2747345957708
v04_frame_0366.jpg,829.2215536762651
v04_frame_0592.jpg,834.6934852113886
v04_frame_0484.jpg,837.6571862404141
v04_frame_0375.jpg,839.0560575297042
v04_frame_0518.jpg,839.7774444303997
v04_frame_0924.jpg,845.2362721020681
v04_frame_0214.jpg,847.0000291168767
v04_frame_0134.jpg,853.6802332298265
v04_frame_0782.jpg,853.7997650078476
v04_frame_0889.jpg,857.8138671485008
v04_frame_0964.jpg,858.7541180035441
v04_frame_0471.jpg,862.4491977471146
v04_frame_0962.jpg,862.5659038108353
v04_frame_0653.jpg,865.4325711882685
v04_frame_0695.jpg,865.4418290588927
v04_frame_0545.jpg,867.8827318564331
v04_frame_0319.jpg,872.2136371163075
v04_frame_0945.jpg,875.8880000052559
v04_frame_0376.jpg,879.5793478729994
v04_frame_0680.jpg,881.6566454415486
v04_frame_0048.jpg,882.8878749375514
v04_frame_0459.jpg,884.2458340891895
v04_frame_0768.jpg,887.5094253191521
v04_frame_0482.jpg,893.4162987545816
v04_frame_0573.jpg,895.1112576876739
v04_frame_0931.jpg,898.3428786040396
v04_frame_0685.jpg,899.5711663170285
v04_frame_0902.jpg,902.162539241461
v04_frame_0873.jpg,903.0818200338811
v04_frame_0894.jpg,906.6942078016491
v04_frame_0517.jpg,906.721310762966
v04_frame_0378.jpg,907.1678054673749
v04_frame_0694.jpg,911.0505677849623
v04_frame_0720.jpg,914.8850545881753
v04_frame_0563.jpg,922.7249116376132
v04_frame_0893.jpg,926.6136016837738
v04_frame_0726.jpg,927.2420160166135
v04_frame_0041.jpg,927.5074966862414
v04_frame_0324.jpg,931.4571061124435
v04_frame_0499.jpg,933.6144876192825
v04_frame_0383.jpg,936.2658778423723
v04_frame_0942.jpg,939.4076377669332
v04_frame_0458.jpg,942.9448545782724
v04_frame_0853.jpg,944.919137897773
v04_frame_0413.jpg,948.57049804678
v04_frame_0652.jpg,948.8136729553967
v04_frame_0447.jpg,949.2008210901317
v04_frame_0591.jpg,950.604708070637
v04_frame_0564.jpg,962.1313726075621
v04_frame_0210.jpg,965.1597673068388
v04_frame_0721.jpg,969.5460754193895
v04_frame_0481.jpg,972.6662901462876
v04_frame_0043.jpg,976.2333517426281
v04_frame_0747.jpg,977.1127286862401
v04_frame_0049.jpg,981.3354452745122
v04_frame_0958.jpg,982.0222987533572
v04_frame_0491.jpg,982.4783239951792
v04_frame_0780.jpg,984.0673609602143
v04_frame_0569.jpg,986.386157670762
v04_frame_0885.jpg,988.4914696399532
v04_frame_0560.jpg,988.8212571611571
v04_frame_0724.jpg,994.3732964108317
v04_frame_0825.jpg,995.926231877587
v04_frame_0480.jpg,997.4159254964193
v04_frame_0466.jpg,1000.7083760234647
v04_frame_0015.jpg,1012.4935817577677
v04_frame_0501.jpg,1027.8493824601803
v04_frame_0502.jpg,1033.005314263068
v04_frame_0767.jpg,1034.6945059382954
v04_frame_0389.jpg,1038.8659481660634
v04_frame_0895.jpg,1044.5167339093055
v04_frame_0818.jpg,1046.8084335659446
v04_frame_0470.jpg,1052.5421720663524
v04_frame_0707.jpg,1061.741554681725
v04_frame_0705.jpg,1072.6378016294082
v04_frame_0710.jpg,1078.4769736225219
v04_frame_0198.jpg,1079.027567008877
v04_frame_0215.jpg,1089.3174062961111
v04_frame_0227.jpg,1089.523296689341
v04_frame_0934.jpg,1090.9601787220095
v04_frame_0040.jpg,1092.95883915521
v04_frame_0382.jpg,1093.705259328996
v04_frame_0709.jpg,1093.779624936562
v04_frame_0711.jpg,1094.4453623799643
v04_frame_0565.jpg,1098.5500975118737
v04_frame_0377.jpg,1103.981127005964
v04_frame_0657.jpg,1104.5348898758311
v04_frame_0896.jpg,1111.939677294691
v04_frame_0314.jpg,1113.6468714361492
v04_frame_0708.jpg,1114.697707088513
v04_frame_0706.jpg,1119.8460041260853
v04_frame_0857.jpg,1120.2408376009719
v04_frame_0507.jpg,1126.535328726563
v04_frame_0374.jpg,1127.772644236472
v04_frame_0381.jpg,1130.208380174706
v04_frame_0943.jpg,1130.4520907059232
v04_frame_0903.jpg,1133.054159509352
v04_frame_0211.jpg,1146.1664032359179
v04_frame_0738.jpg,1146.6477345431103
v04_frame_0197.jpg,1156.5056012159514
v04_frame_0196.jpg,1161.2973109741017
v04_frame_0194.jpg,1181.7313161358202
v04_frame_0760.jpg,1186.2720788769707
v04_frame_0965.jpg,1190.5027171762686
v04_frame_0195.jpg,1211.2557861033677
v04_frame_0559.jpg,1218.7975737041602
v04_frame_0715.jpg,1229.5813616739729
v04_frame_0325.jpg,1247.725632292372
v04_frame_0562.jpg,1253.2865172567472
v04_frame_0373.jpg,1258.6798572074047
v04_frame_0684.jpg,1259.574403936522
v04_frame_0058.jpg,1270.1625260414023
v04_frame_0216.jpg,1285.3355409808682
v04_frame_0904.jpg,1285.5620831717492
v04_frame_0777.jpg,1290.9175307975472
v04_frame_0910.jpg,1293.2961805223251
v04_frame_0503.jpg,1339.2928593230258
v04_frame_0713.jpg,1340.4248033021706
v04_frame_0380.jpg,1343.9734740724907
v04_frame_0495.jpg,1344.5632611902263
v04_frame_0379.jpg,1367.4821533132194
v04_frame_0919.jpg,1369.568343560038
v04_frame_0751.jpg,1410.3881781044852
v04_frame_0369.jpg,1417.1351919695421
v04_frame_0561.jpg,1423.911445262537
v04_frame_0712.jpg,1436.9692670843758
v04_frame_0492.jpg,1454.1779799749481
v04_frame_0714.jpg,1456.3799939310707
v04_frame_0696.jpg,1484.0226363921174
v04_frame_0558.jpg,1486.590810982556
v04_frame_0053.jpg,1494.0031075407624
v04_frame_0905.jpg,1512.962392816237
v04_frame_0568.jpg,1530.7058076659196
v04_frame_0054.jpg,1632.4082066516164
v04_frame_0496.jpg,1715.0298763325588
v04_frame_0498.jpg,1727.8898478907793
v04_frame_0229.jpg,1737.4306955197646
v04_frame_0874.jpg,1758.5110726015255
v04_frame_0497.jpg,1786.7558222800183
v04_frame_0875.jpg,1869.1214706689852
v04_frame_0493.jpg,1917.9871041353533
v04_frame_0869.jpg,1958.4683405422525
v04_frame_0494.jpg,1983.653693630076
v04_frame_0228.jpg,2076.137618365436
